{"_id":{"$oid":"67c8d61cf178b0524381f820"},"name":"123 Wester","__v":0,"aggregatedScores":{"averageTotal":94.50666666666666,"companyMaturityLevel":"Applied","categoriesAverage":{"culture":4.011764705882353,"leadership":3.7254901960784315,"trainingLearning":2.4181818181818184,"budget":2.9058823529411772,"recruitment":3.3822222222222225,"projectManagement":3.2461538461538466,"technologySystems":3.5066666666666664,"data":3.768627450980392,"reporting":3.4313725490196076}},"improvementAreas":["projectManagement","budget","trainingLearning"],"responseCount":15,"strengthAreas":["culture","data","leadership"]}
{"_id":{"$oid":"67cc7a5f1f8f96cc9219e716"},"name":"Impact Networking","__v":0,"aggregatedScores":{"averageTotal":94.79136690647482,"companyMaturityLevel":"Applied","categoriesAverage":{"culture":4.529411764705882,"leadership":5,"trainingLearning":2,"budget":4,"recruitment":3.0666666666666664,"projectManagement":2.4615384615384617,"technologySystems":3.0666666666666664,"data":4,"reporting":2.588235294117647}},"improvementAreas":["reporting","projectManagement","trainingLearning"],"responseCount":1,"strengthAreas":["leadership","culture","budget"]}
